<BackupInst xmlns="http://www.microsoft.com/GroupPolicy/GPOOperations/Manifest"><GPOGuid><![CDATA[{D3828D38-953B-4771-B549-259B7A71B488}]]></GPOGuid><GPODomain><![CDATA[hackcollege.tw]]></GPODomain><GPODomainGuid><![CDATA[{7378808f-5594-4a7b-be7c-fda8c96fcc48}]]></GPODomainGuid><GPODomainController><![CDATA[WIN-D5I7ATODGAS.hackcollege.tw]]></GPODomainController><BackupTime><![CDATA[2020-05-24T17:32:10]]></BackupTime><ID><![CDATA[{D23D46C8-D2AB-4A5C-91B6-F26F2D0997F7}]]></ID><Comment><![CDATA[FilePermission]]></Comment><GPODisplayName><![CDATA[FilePermission]]></GPODisplayName></BackupInst>
